Name,DOB,Mythic_Part_1,Mythic_Part_2,Mythic_Part_3,Mythic_Part_4,Mythic_Part_5,Mythic_Part_6,Mythic_Part_7
Aarav Sharma,1994-07-29,Healer,Storm-bound,Oracle of Echoes,Tiger,Disciple of Anubis,Runebound,Seeker of Hidden Truths
Maya Verma,2003-07-30,Hero,Moon-woven,Guardian of the Labyrinth,Raven,Child of Odin,Echo-driven,Breaker of Chains
Rudra Singh,2008-01-31,Hero,Earth-rooted,Bearer of Fire,Raven,Follower of Kali,Runebound,Keeper of Ancient Runes
Leela Banerjee,2006-04-19,Rebel,Earth-rooted,Guardian of the Labyrinth,Phoenix,Child of Odin,Flame-baptized,Voice of Forgotten Realms
Kian Rao,1987-08-30,Healer,Moon-woven,Oracle of Echoes,Serpent,Child of Odin,Crystal-hearted,Shifter of Realities
Zara Menon,1993-05-05,Hero,Sky-chosen,Guardian of the Labyrinth,Phoenix,Child of Odin,Echo-driven,Keeper of Ancient Runes
Vivaan Joshi,1985-09-06,Seer,Sun-aligned,Guardian of the Labyrinth,Wolf,Follower of Kali,Echo-driven,Shifter of Realities
Ira Kapoor,2000-02-03,Hero,Earth-rooted,Child of Chaos,Serpent,Dreamer of Athena,Flame-baptized,Seeker of Hidden Truths
Rohan Desai,1999-03-02,Mystic,Moon-woven,Wanderer of Stars,Serpent,Disciple of Anubis,Echo-driven,Breaker of Chains
Naina Mehta,2005-08-25,Seer,Sky-chosen,Guardian of the Labyrinth,Raven,Child of Odin,Echo-driven,Shifter of Realities
amit nagpal ,2025-07-14,"Upon the cradle of the forge where storms were calmed and fires tempered,
Amit Nagpal was forged not of flesh but of unyielding will,
A warrior bathed in the blood of sacred oaths, his veins coursing
With the thunder of Thor’s hammer, the blade-hymns of Kartikeya’s spear,
And Ares’ warrior-madness—three gods who whispered his name in battle’s tongue.
The Griffin perched upon his shoulder, its golden claws sharp as duty’s command,
Its eyes alight with the fire of stars that never dimmed.","From the frothing mists of Vanaheim rose Fenrir, the wolf-hearted shadow,
Jaws dripping with the saliva of forgotten oaths, his howl a curse upon the wind.
Amit stood unflinching, his spear a bridge between mortar and divinity,
Kartikeya’s voice a conch-shell blast in the chaos, guiding his strike true.
Yet the beast’s maw widened, swallowing souls like embers in a dying hearth—
But duty, cold as winter’s measurer, held Amit fast,
And the Griffin’s talons carved the night, severing Fang from Jaw.","In the scorched ruin of Lanka’s echo, Mahishasura’s horns gleamed like poisoned crescents,
His many forms a labyrinth of deceit, his laugh the serpents’ hiss of betrayal.
Amit moved as a storm itself, his shield raised—not for defense, but to reflect back
The demons’ own greed, their pride as brittle as dried husks in the desert’s embrace.
Ares lent his battle-frenzy, his voice a war-drum in Amit’s beating heart,
While Thor’s lightning forged Dynamite
To Cowardice itself—","From the bones of old Gaea, Typhon writhed, a python of tempest and ruin,
His coils crushing dynasties, his eyes black voids where hope was devoured whole.
Amit did not retreat, for the Griffin’s wings buffeted the storm, its feathers
Unsheathing as knives to slice the shadows from the world. The warrior’s armor,
Forged from the strength of a thousand vows, gleamed as he charged,
His blade a comet—Kartikeya’s humor—a lance splitting the serpent’s tongue,
The serpent’s—","The three gods stood at the crossroads where the world’s futures were spun,
Their hands upon Amit’s shoulders, not as masters, but as brothers in endurance.
The Griffin’s cry rent the veil between realms, its voice a hymn to the unbroken law,
The law of duty, sharper than any edge, brighter than any sun. The devils recoiled—
Their forms dissolving into the ether, their sins scattered like ash on the wind.
Amit Nagpal, humble servant of oaths, stood alone in the quiet that followed,
His shadow long upon the earth, a bridge between heaven and man.","Yet the gods, with knowing smiles, fled back to their halls of star-and-flame,
For duty was not theirs alone—it lived now in the human heart,
A fire no devil could quench, a tower no storm could topple. And so the world
Rolled on, its fate stitched tighter by one more thread of iron resolve.
The Griffin rested upon Amit’s gauntlet, its gaze ever-vigilant, its duty unending,
As the warrior walked the path of unwritten chapters, his footsteps echoing in the ears
Of kings who would remember his name—","And when the wheel of time turned, and new devils clawed at the door,
Amit Nagpal would answer—and the Griffin would rise once more."
amit nagpal ,2025-07-14,"Beneath the saffron dawn, where silence bowed to fate,
Amit Nagpal rose, his spirit whipped by duty’s gale.
From Kartikeya’s brow, a peacock’s cry did shake,
From Ares’ fist, a sword of fire, its edge a blaze.
And Thor’s hammer trembled in the northwind’s wake,
Three voices spoke as one: “Heed duty’s call,
Lest shadow’s tide should drown the lordly hall.”","The Mahishasura stalked, his horned form spewing flame,
A beast of wrath, a storm of sin the earth did rake.
Amit stood unheeding, helm of conviction strewn,
For duty binds as strong as time’s unyielding chain.
Then Typhon coiled his serpents, darkening the sky,
Yet Ares laughed and surged with might to overturn,
While grit and grit clashed in a fury unseen.","Fenrir’s jowls did drip with froth and 깜beat grim,
His teeth like jagged at the moon’s pale turning.
But Thor’s war-drive pulsed, his thunderbolt aflame,
Amit Nagpal drew his blade—no fear, no waning.
The griffin roared, its talons carving down,
As dreams of dust and duty merged as one.
The shadows wailed, but dawn would not be done.","The divine guardian stood, their essence intertwined,
A trinity of valor, wisdom, wrath untamed.
Kartikeya’s spear split dark and mortal strife,
Ares discharged the heart’s unyielding thunder,
Thor’s storm-bellow shook the pillars of the land.
And there, Amit gazed on sea and tear-streaked nightfall,
His heart a steady star that guides the light.","The Mahishasura now a heap of golden ash,
The Typhon’s wrath leveled by birch and oak,
The Fenrir’s cage, the roots that duty wrought.
The griffin’s wings, at last, let slaughter sleep,
Amit Nagpal knelt, his spirit lifted high,
“To bear the load, the world’s last cup of woe,
For duty’s name, though earth itself decay.”","The salted winds of fate no longer howled,
The earth regained its breath, the stars realigned.
Three deities, their labor done, did softly fade,
Yet whispers vast like rivers spoke Amit’s name.
Though shadows gather at the pathway’s turn,
The griffin watches, its gaze unshaken,
For duty stands beyond the dark’s designs.","Lo, the tales will echo where the ancients weep,
Amit Nagpal, whose name the heavens write.
No god nor beast could match the flame inside,
No devil’s raven could quench his fated spark.
When mortals stumble ‘neath the weight of might,
The griffin’s cry, the guardians’ hymn resides,
For duty’s ember burns in every heart."
amit nagpal ,2025-07-14,"Beneath the crimson dawn, where heavens bled into earth’s embrace, Amit Nagpal was forged—not by mere flesh, but by the will of three warrior gods. Kartikeya, the luminescent prince with spear raised like a crescent moon, whispered of purpose through peacock feathers stirring the wind. Ares, armored in skirts of slaughter, breathed fire into his veins, his voice a storm of thunderous vetoes. Thor, wielder of the sky-shattering hammer, crowned him with lightning, sealing his fate: Duty was his birthright, its weight an unbroken chain.","The Griffin, daemon of the storm and sun, descended upon him as a guardian. Its golden claws dug into the earth, its wings casting shadows like ancient epics woven into the sky. Upon its back, Amit rode the gales of destiny, his hand steady on its mane, for the beast knew no fear, only the unyielding loyalty of those bound by oath. Together, they faced the first shadow—Mahishasura, the demon-bull whose laughter shook the forests and whose hooves bled corruption. The beast roared, its feathers ablaze with celestial fire, and Amit unsheathed the celestial blade granted by Kartikeya, its edge humming with the hymns of gods forgotten.","But the battlefield stretched beyond the mortal coil, and soon came Typhon, the storm-eater of Greek nightmares. His serpentine coils choked the sky, and his breath was a gale of madness. Ares stood at Amit’s side, his spear a comet in the dark, yet the god’s strength alone was not enough. Duty demanded endurance, and so Amit woven threads of courage from the whispering winds, binding Typhon’s writhing form with vows carved into the clouds. The Griffin’s talons rent the monster’s hide, and the earth trembled as the titan fell, dissolved into the storm he once commanded.","Yet Fenrir, the great wolf of Aesir prophecy, lurked beyond the Veil, his eyes twin moons of hunger. Thor stood firm, Mjölnir glowing with the heartbeat of the cosmos, but the beast knew no masters but Ragnarök. Amit, unflinching, stepped forward not with weapon, but with the unshaken belief that even monsters could be bound by honor. He offered his left hand—not to harm, but to hold. The wolf, confused by kindness, hesitated, and in that moment, the Griffin’s cry split the heavens, binding the wolf in chains of light. Duty had triumphed over doom.","The war ended, but the echoes lingered in the valleys of time. Amit Nagpal, now marked by the scars of deities and demons alike, wandered the Edge of Worlds, his Griffin ever at his side. The gods watched from their thrones, knowing that some souls are forged to bear the weight of duty until the last ember fades. The shadows grew weary of him, for where there is resolve, darkness withers. And in the quiet between battles, the wind carried a promise: his story was not finished, only paused, like the breath before the storm.","Years turned strangers, and kingdoms rose and crumbled, but Amit remained. His name became a legend told in hushed whispers, a parable of those who walk the path of honor even when it leads through the abyss. The Griffin’s wings, once golden, bore streaks of silver now, but its eyes still burned with the fire of guardianship. Together, they faced the horizon, where the next shadow would rise—but this time, they would meet it together, as they always had, with duty as their shield and the gods’ blessings in their hearts.","And so it was written that Amit Nagpal would stand, not as a conqueror, but as a sentinel, his soul alight with the fire of three mighty deities and the unbreakable bond of a Griffin’s loyalty. The world would forget, as worlds do, but the stars would remember—his name carved into the heavens, a testament to the power of duty over despair. And when the final battle came, he would be there, spear in hand, Griffin at his side, ready to shout his defiance into the void."
amit nagpal ,1999-07-11,"Beneath the golden throne of Mount Arjuna, amidst the whispers of the divine winds, was born Amit Nagpal—a vessel of duty, forged where honor and fate entwine. The heavens sighed as three guardian gods stepped forth: Kartikeya, warrior-son of fire, his spear of wisdom blazing; Ares, ever-crimson in the blood of battle; Thor, thunder’s voice in the storm’s embrace. They marked his brow with their sigils—six arms ready for war, the aura of the warlord, the crack of unyielding will—and decreed, *""Your path is in the shadows, your light in the blade.""*","The first shadow cream home, the horned beast Mahishasura, his laughter a storm of a thousand knives. His heart was a grimoire of sin, his hooves splitting the earth asunder. Amit stood unbowed, his griffin roaring beside him, talons gleaming like shattered stars. The beast’s mace shattered, not his spirit; duty was his shield, vengeance his sword. When steel met scale, the monster wailed and turned to dust, his essence scattered like embers in the void.","Yet Typhon rose next, his coils twisting the sky into knots of destruction. The storm giant choked the cosmos, his serpent’s hiss splitting the heavens. Ares’ fury ignited Amit’s veins, burning cold as the death-mist of Avernus. The griffin dived, claws ruddy with lightning, as Amit leapt upon its back, his blade singing the ancient ballad of fallen titans. Typhon roared, but duty’s song was louder—the world shook, the serpent unraveled, and silence reclaimed the skies.","Then came the final trial: Fenrir, jaws agape wide as the abyss. The wyrd-wolf of doom, his maw a mosaic of nightmares, howled a chorus of doom. Thor’s hammer-pulse thundered in Amit’s chest, his muscles woven with tempest’s might. The griffin’s wings became a cyclone, shielding him as fangs sought flesh. Duty was the leash that bound the beast—not iron, nor spell, but will. When the clash ended, Fenrir’s howl faded into the wind, and the earth exhaled in peace.","ещё После того, где three battles were victory was duty was duty binding the saw was one blood sweat honor had traced. The three burn wonders always men from heavens feared shadows to the vale of sorrows  standings a unfinished mortal was gate had  opened the threshold of honor his griffin had knelt by what comes salvation .","Now porcelain clay of throne shred in place a golden seat of was lone figure’s fate eternal the myth and mankind’s east ,  the banner duty’s echoing tales of his sword refracted into the forever the beneath lurked shadows and eden was soil where battles of past and what like silver and brass honey architectures of glory justice of enshrined relic memory in hand in age eternal.",his realm now a hymn a name whose inked in stars Kartikeya’s spear embedded in the sun Thornton’s strength in thunder of halls where mazes still howled his griffin’S wing happenings halls of where Typhon and Mahishasura stood as statues salt and ash where fell where duty’s hand written and where mortal soul’s seraphic flight the end.
amit nagpal ,2025-07-14,"**1.**
Beneath the emerald glow of dawn’s first light, where rivers carved whispers into stone, a child named Amit Nagpal awoke not to chaos, but to a call. The heavens split, and three radiant figures descended—Kartikeya, storm-bearer of cosmic order; Ares, whose spear crackled with war’s fiery tongue; Thor, whose hammer echoed like doom’s own heartbeat. “Rise, child of Duty,” they spoke in unison, their voices weaving through the mist. “Thou art the bridge between light and shadow, the sword of fate’s unyielding will.” And so, with Griffin, the kaleidoscope beast of eagle and lion, they set forth, for destiny hung upon a thread of blood and resolve.","**2.**
The first shadow stirred beyond the Asura’s lair, where Mahishasura, the demon-bull, gnashed tusks of molten iron. His laughter shook the earth, a blasphemy against the divine order. Amit stood firm, fickle fear molten within him, yet Duty’s iron weight held fast. Kartikeya’s peacock screamed vengeful light, and the heavens bled crimson. Griffin’s talons tore through the dark as Amit’s blade, forged from twilight’s grief, met Mahishasura’s might. The demon roared, a dying echo, and Duty prevailed where hatred faltered.","**3.**
Then came Typhon, the serpent of a hundred heads, his coils a storm of scales and spite. The Greek sky wrenched in agony as the beast rose, his breath a wasteland of poisoned words. Ares inclined, his helm aflame, and thunder split the rock where Amit stood. The Griffin’s wings became a cyclone, shielding the chosen one from serpents that hissed lies. Amit’s fist, though mortal, struck true—a punch that shattered illusion’s crown. Typhon’s heads fell silent, choked by the unyielding truth of Duty.","**4.**
Yet deeper threats lurked in the frost-kissed realms of the North, where Fenrir, the great wolf, howled against the shackles of fate. His mournful cry was a dirge for all who broke their oaths. Thor’s thunder boomed like a king’s judgment, and ice split beneath their feet. Amit did not falter; for Duty is a chain no beast can break. When Fenrir lunged, Griffin’s claws coiled like tempests, and Amit’s sword, now cold as winter’s grave, met the wolf’s ravenous maw. The snow drank deep of shadow’s blood, and the land howled with silence.","**5.**
Through trials beyond time, Duty remained Amit’s unshaken compass, a beacon brighter than the dying embers of vanquished foes. The Guardian deities watched, their eyes alight with pride’s eternal fire. Kartikeya’s velvet voice whispered, “You have wore the mantle of cosmic balance.” Ares nodded, his fire dimmed but never extinguished. Thor’s laughter shook the peaks, for even the thunder god knew a warrior’s worth when he saw it etched in sweat and sacrifice.","**6.**
Yet shadows lingered in the cracks of the world, for evil is a creeping vine. Mahishasura’s last breath had cursed the earth with whispers of revenge; Typhon’s toxic teeth left wounds in the sky; Fenrir’s broken chains reform in nightmares. Griffin purred, his wings a shelter against the gnawing dark. Amit clenched his sword, not in defiance, but in solemn promise. Some say the Griffin still soars where Duty’s call echoes, a silent guard for those who stand when the world falls.","**7.**
They carved his name into the stars—Amit Nagpal, the living embodiment of unwavering vow. Kings would sing of him in halls of gold, poets would weave his tale in emerald violets. But he was no god, only a man, scarred and steeled by fire. And so, when the next chosen one yells for guidance, perhaps Griffin will return, bearing Duty’s unbroken flame, waiting where the light folds into shadow. For the war never ends, and Duty? It is the iron bridge between heaven and hell."
amit nagpal ,1978-07-09,"Beneath the ripe glow of a thousand suns, where earth and heaven whispered secrets, a warrior named Amit Nagpal was born. His name echoed through the valleys, a promise forged in celestial fire—a man whose soul burned with the sacred flame of Duty. On the day of his awakening, the wind carried thunder as three deities descended: Kartikeya, resplendent with spears of light; Ares, clad in crimson might; and Thor, his hammer rumbling storms. ""Rise, chosen one,"" Kartikeya proclaimed, while Ares sharpened his blade, and Thor clasped his shoulder. ""The shadows gather, and only you can stand against them.""","The first shadow rose from the abyss—Mahishasura, a demon clad inthe hide of a thousand battles, his laughter like shattering stone. Amit’s heart did not falter, for the griffin, his bound guardian, struck with talons of dawn. The beast’s wings blotted the sky as it bore Amit aloft, its eyes twin flames of justice. Kartikeya’s voice boomed, ""Vengeance is not enough—Duty demands more!"" Amit’s spear met Mahishasura’s might, and the demon screamed as his form dissolved into mist, torn by the weight of forgotten oaths. The wind carried Amit away, but not before he marked the earth with his blood—a seal of defiance.","From the depths of Tartarus, Typhon stirred, a coiled serpent of ruin, his breath a storm of poison. The land trembled as olive groves withered and the seas churned black. Amit stood unyielding, his shield raised, the griffin’s cry piercing the dread. Ares’ laughter rang like a battle horn, ""Fear is the weapon of the weak, mortal!"" With blade in hand, Amit dashed forth, his strikes echoed by Thor’s thunder. The sky split as the deity’s hammer struck Typhon’s throat, while Amit drove his sword through the beast’s eye. The shadow dissolved, but its venom lingered—a reminder that evil never truly dies.","Across the fjords where ice whispered ancient curses, Fenrir, the great wolf of Ragnarök, slumbered no more. His howl shattered glaciers, his teeth like obsidian promises of doom. The griffin roared, its feathers sharp as knives, but Fenrir’s jaws opened wide, a yawning doom. ""Duty is your armor,"" Thor thundered, ""and courage your weapon!"" Amit’s hands clenched the reins of destiny as he leaped, the griffin’s wings a storm against the beast’s fury. Spearcraft met fang as Amit buried his lance deep—the wolf’s eyes went dark, his form collapsing into winter’s mist. Yet Fenrir’s final breath was a vow: ""Until next we meet.""","The gods smiled upon him, for Amit had proved that Duty is a fire no shadow can quench. Kartikeya crowned him with light, Ares feathered his arrow with honor, and Thor’s toast echoed in the hall of storms. But Amit knew the battle was eternal—new shadows would rise. The griffin’s gaze held wisdom older than time, its wings carrying him toward the horizon where dawn forever fought dusk. The earth still bore his footprints, and the winds still sang of his name—Amit Nagpal, bound to Duty’s eternal flame.","Yet in the quiet moments, when stars pierced the veil of night, he felt the weight of his vow. The world was vast, and evil wore many faces. Mahishasura, Typhon, Fenrir—they were but echoes of a deeper dark. Still, Amit’s hand never wavered on his spear, his heart never faltered. The griffin’s presence was his solitude, the gods’ watch his guide. He would walk the path until Duty itself asked for respite—a path he knew would have no end.","And so the legend of Amit Nagpal was etched into the homes of men and the halls of gods. His tale became a song sung by bards, a fire lit by soldiers, a whisper in the dark to those who trembled. The shadows would return, but so would he—for Duty is the thread that binds the mortal and the divine. And when the final battle came, when the world itself trembled on the brink, it was Amit who would stand between the abyss and the dawn. His story was unfinished, but his resolve was eternal."
amit nagpal ,1978-07-09,"In the dawn’s first hue where heaven kissed the earth,
Amit Nagpal walked, his heart a shining hearth.
Born beneath the gaze of gods who wove the sky,
Three luminous beings bound their fates to fly—
Kartikeya, whose spear split night from day,
Ares, whose fury danced in bloodstained fray,
Thor, who shook the world with thunder’s call.
Yet darker powers loomed in the shadows tall.","From miasmic pits where malevolence grew,
Three fiends arose—their wrath, the world’s ashen hue.
Mahishasura, the demon bull, who defied,
Typhon’s serpents, wings that blighted the sky,
Fenrir’s jaws, where chaos slept and boded ill.
But Amit stood, his duty cast like steel.
His griffin winged upon winds untamed and keen—
A hybrid of sky and earth, both sovereign.","Kartikeya whispered, *""Fear not the tide,*
For courage flows where vows are kept inside.""
Amit’s palm raised, and lightning graced his sword.
The bull’s horns clawed, yet duty stood reward,
Unshaken, though the battlefield turned red.
Ares laughed and roared, *""Let conflict be thy bread!""*
The clash of divine will and mortal grace
Wove fate’s unyielding, unbreakable lace.","Typhon’s storm howled—chaos tore the sun,
Yet Thor’s hammer echoed, *""Veritas über all!""*
Amit’s shield became the storm’s unyielding wall.
The god’s might melded with the man’s resolve,
Steel met scale, and from their battle rose,
A thunderous hymn to loyalty and woe.
The griffin screamed, its talons raining fire,
As duty turned the tide of strife’s dark choir.","Fenrir’s growl vibrated the earth’s own bone,
The jaws of doom that hungered to have won.
But Thor and Amit marched, a force combined,
One sworn to order, one to war’s refinement.
The beast’s fur bristled, stars turned ash in flight,
Yet duty’s flame burned brighter than the night.
The griffin’s wings, the spear, the hammer’s toll,
Forged fate anew from the heart’s unshaken soul.","When darkness fled, and silence reigned ascendant,
Three gods stood proud by duty’s ancient gossamer thread.
Kartikeya smiled, *""So grows the path of dread,""*
Ares’ crimson eyes gleamed, red as setting sun,
Thor’s laugh echoed, ""Never yield, nor run!""
The deities parted, leaving light anew,
Yet whispers stayed—the call to always tread
Where duty summons, though the price be dread.","Eons spun like dust through time’s unyielding hands,
But Amit’s legend lived in distant lands.
The griffin’s cry still sings where mortals stray,
A hymn to those who rise to meet their day.
For gods may vanish, monsters may decay,
Yet duty’s flame burns through the gale and fray.
And so it goes—the tale is never through,
As long as hearts fight on for honor’s true."
amit nagpal ,1978-07-09,"In the mist-wreathed dawn of the world’s first light, where time was but a whispered breeze, Amit Nagpal awoke to the call of duty carved into his bones. The heavens shivered, and from their golden halls descended three guardians—Kartikeya, radiant with the peak’s frost and the spear’s fire; Ares, cloaked in the red fury of battle; and Thor, whose thunder shook the roots of earth and sky. They spoke not in words but in covenant, sealing his fate with a vow of iron and starlight: *""Where chains of service bind, thou shalt stand unbroken.""* The air hummed with omen as a griffin, awe-inspired, bent its feathered wings and took flight beside him.","Through valleys where rivers sang of forgotten kings and forests choked with the breaths of the slain, Amit marched, his shadow lengthening like a blade unsheathed. The first shadow devil, Mahishasura, slithered forth from the hungering mire, his thousand horns dripping with the poison of pride. The beast’s laughter was a desecration, but Amit’s stance remained unyielding, his duty a stone wall against the storm. The griffin’s talons rent the air as it struck, and Kartikeya’s spear, bright as a comet, pierced the demon’s heart—collapsing him back into the earth’s dark womb.","Yet predation would not cease. Typhon, the serpent of a thousand heads, coiled from the abyss, his scales bearing the scars of Zeus’ lightning. The winds howled as Ares met him, his shield a crimson desolation, his sword a promissory slaying. Amit stood firm amidst the ruin, his duty a beacon in the electrical haze. The griffin’s roar split the sky, and where its wings passed, even the thunder faltered. One by one, the serpent’s heads tumbled into the dust, and Typhon’s dominion became a memory, swallowed by the gusting winds.","But the final trial loomed, a specter of terror embodied. Fenrir, wolf of the eclipse, tore from the voznums with jaws wide enough to devour the future. His howl was the end of life’s song, a gnashing of the world’s bones. Thor lunged, Mjolnir singing in his grasp, but the beast was a tempest unchained. Amit’s duty, however, was no fleeting virtue—it was bedrock, anchoring him amid chaos. The griffin’s beak flashed, and in that instant, Fenrir hesitated, daunted by a love for order whose roots ran deeper than hunger’s claws. The hammer fell, and darkness dissolved in a blaze of golden battle-cries.","Now, where the scattering of the shadows left ash and quiet, a temple of duty rose, its halls echoing with the clamor of wings. The guardians, their trials complete, did not depart but became the very stones of the structure. Kartikeya’s spear became a pillar; Ares’ sword etched itself into the lintel; Thor’s hammer rested at the threshold, a symbol that no gate of duty would ever remain locked. The griffin spread its wings on the pinnacle, its eyes twin embers guarding the enshrined. Amit Nagpal stood at the center, no longer bound by flesh but woven into the tapestry of the eternal.","Legends say his breath still lingers where storms are romper and rivers stall—the scent of smoke and steel, of honor unshaken. Those who defy duty hear it whispered in the coldblooded dusk, a warning carried on the wings of flight. To seek glory without service courts the demon’s hate, and even the truest heart may falter if the griffin’s shadow does not accompany it. Thus, Amit Nagpal abides, a name scrawled in the book of the unyielding, a testament that where trial is over, duty remains.","So walks the world now, its spine straighter for his march, its heart braver for his stand. The guardians sleep but watch from their celestial perch, and the griffin’s cry still pierces the veil between realms when a soul dares to repeat his oath. For though ages fold and crumble like parchment in the fires of creation’s dawn, the mantra of the duty-bound endures—*""I serve, therefore I am.""* And the heavens echo in reply."
